,sex,File,sex_pred
0,w,D://OneDrive//Documents//CDT//Year2//Training//Outreach//BeCurious//a_data//under14//1543-a_n.wav,w
1,w,D://OneDrive//Documents//CDT//Year2//Training//Outreach//BeCurious//a_data//under14//111-a_n.wav,w
2,m,D://OneDrive//Documents//CDT//Year2//Training//Outreach//BeCurious//a_data//under14//667-a_n.wav,w
3,w,D://OneDrive//Documents//CDT//Year2//Training//Outreach//BeCurious//a_data//under14//844-a_n.wav,w
4,m,D://OneDrive//Documents//CDT//Year2//Training//Outreach//BeCurious//a_data//under14//900-a_n.wav,m
5,w,D://OneDrive//Documents//CDT//Year2//Training//Outreach//BeCurious//a_data//under14//937-a_n.wav,w
6,m,D://OneDrive//Documents//CDT//Year2//Training//Outreach//BeCurious//a_data//under14//1316-a_n.wav,w
7,m,D://OneDrive//Documents//CDT//Year2//Training//Outreach//BeCurious//a_data//under14//1430-a_n.wav,w
8,m,D://OneDrive//Documents//CDT//Year2//Training//Outreach//BeCurious//a_data//under14//1445-a_n.wav,w
9,w,D://OneDrive//Documents//CDT//Year2//Training//Outreach//BeCurious//a_data//under14//1753-a_n.wav,w
10,w,D://OneDrive//Documents//CDT//Year2//Training//Outreach//BeCurious//a_data//under14//1933-a_n.wav,w
11,m,D://OneDrive//Documents//CDT//Year2//Training//Outreach//BeCurious//a_data//under14//2072-a_n.wav,m
12,m,D://OneDrive//Documents//CDT//Year2//Training//Outreach//BeCurious//a_data//under14//2530-a_n.wav,w
13,w,D://OneDrive//Documents//CDT//Year2//Training//Outreach//BeCurious//a_data//15-20//1-a_n.wav,w
14,w,D://OneDrive//Documents//CDT//Year2//Training//Outreach//BeCurious//a_data//15-20//6-a_n.wav,w
15,w,D://OneDrive//Documents//CDT//Year2//Training//Outreach//BeCurious//a_data//15-20//7-a_n.wav,w
16,w,D://OneDrive//Documents//CDT//Year2//Training//Outreach//BeCurious//a_data//15-20//27-a_n.wav,w
17,w,D://OneDrive//Documents//CDT//Year2//Training//Outreach//BeCurious//a_data//15-20//17-a_n.wav,w
18,w,D://OneDrive//Documents//CDT//Year2//Training//Outreach//BeCurious//a_data//15-20//8-a_n.wav,w
19,w,D://OneDrive//Documents//CDT//Year2//Training//Outreach//BeCurious//a_data//15-20//14-a_n.wav,w
20,w,D://OneDrive//Documents//CDT//Year2//Training//Outreach//BeCurious//a_data//15-20//16-a_n.wav,w
21,w,D://OneDrive//Documents//CDT//Year2//Training//Outreach//BeCurious//a_data//15-20//21-a_n.wav,w
22,w,D://OneDrive//Documents//CDT//Year2//Training//Outreach//BeCurious//a_data//15-20//24-a_n.wav,w
23,w,D://OneDrive//Documents//CDT//Year2//Training//Outreach//BeCurious//a_data//15-20//18-a_n.wav,w
24,w,D://OneDrive//Documents//CDT//Year2//Training//Outreach//BeCurious//a_data//15-20//34-a_n.wav,w
25,w,D://OneDrive//Documents//CDT//Year2//Training//Outreach//BeCurious//a_data//15-20//37-a_n.wav,w
26,m,D://OneDrive//Documents//CDT//Year2//Training//Outreach//BeCurious//a_data//15-20//40-a_n.wav,m
27,m,D://OneDrive//Documents//CDT//Year2//Training//Outreach//BeCurious//a_data//15-20//41-a_n.wav,m
28,w,D://OneDrive//Documents//CDT//Year2//Training//Outreach//BeCurious//a_data//15-20//42-a_n.wav,w
29,w,D://OneDrive//Documents//CDT//Year2//Training//Outreach//BeCurious//a_data//15-20//48-a_n.wav,w
30,w,D://OneDrive//Documents//CDT//Year2//Training//Outreach//BeCurious//a_data//15-20//49-a_n.wav,w
31,w,D://OneDrive//Documents//CDT//Year2//Training//Outreach//BeCurious//a_data//15-20//50-a_n.wav,w
32,w,D://OneDrive//Documents//CDT//Year2//Training//Outreach//BeCurious//a_data//15-20//113-a_n.wav,w
33,w,D://OneDrive//Documents//CDT//Year2//Training//Outreach//BeCurious//a_data//15-20//114-a_n.wav,w
34,w,D://OneDrive//Documents//CDT//Year2//Training//Outreach//BeCurious//a_data//15-20//122-a_n.wav,w
35,w,D://OneDrive//Documents//CDT//Year2//Training//Outreach//BeCurious//a_data//15-20//123-a_n.wav,w
36,w,D://OneDrive//Documents//CDT//Year2//Training//Outreach//BeCurious//a_data//15-20//124-a_n.wav,w
37,w,D://OneDrive//Documents//CDT//Year2//Training//Outreach//BeCurious//a_data//15-20//125-a_n.wav,w
38,w,D://OneDrive//Documents//CDT//Year2//Training//Outreach//BeCurious//a_data//15-20//126-a_n.wav,w
39,w,D://OneDrive//Documents//CDT//Year2//Training//Outreach//BeCurious//a_data//15-20//136-a_n.wav,w
40,w,D://OneDrive//Documents//CDT//Year2//Training//Outreach//BeCurious//a_data//15-20//676-a_n.wav,w
41,w,D://OneDrive//Documents//CDT//Year2//Training//Outreach//BeCurious//a_data//15-20//677-a_n.wav,w
42,w,D://OneDrive//Documents//CDT//Year2//Training//Outreach//BeCurious//a_data//15-20//678-a_n.wav,w
43,m,D://OneDrive//Documents//CDT//Year2//Training//Outreach//BeCurious//a_data//15-20//680-a_n.wav,m
44,w,D://OneDrive//Documents//CDT//Year2//Training//Outreach//BeCurious//a_data//15-20//683-a_n.wav,w
45,w,D://OneDrive//Documents//CDT//Year2//Training//Outreach//BeCurious//a_data//15-20//685-a_n.wav,w
46,w,D://OneDrive//Documents//CDT//Year2//Training//Outreach//BeCurious//a_data//15-20//686-a_n.wav,w
47,w,D://OneDrive//Documents//CDT//Year2//Training//Outreach//BeCurious//a_data//15-20//687-a_n.wav,w
48,w,D://OneDrive//Documents//CDT//Year2//Training//Outreach//BeCurious//a_data//15-20//688-a_n.wav,w
49,w,D://OneDrive//Documents//CDT//Year2//Training//Outreach//BeCurious//a_data//15-20//691-a_n.wav,w
50,w,D://OneDrive//Documents//CDT//Year2//Training//Outreach//BeCurious//a_data//15-20//696-a_n.wav,w
51,w,D://OneDrive//Documents//CDT//Year2//Training//Outreach//BeCurious//a_data//15-20//697-a_n.wav,w
52,m,D://OneDrive//Documents//CDT//Year2//Training//Outreach//BeCurious//a_data//15-20//698-a_n.wav,m
53,w,D://OneDrive//Documents//CDT//Year2//Training//Outreach//BeCurious//a_data//15-20//699-a_n.wav,m
54,w,D://OneDrive//Documents//CDT//Year2//Training//Outreach//BeCurious//a_data//15-20//700-a_n.wav,w
55,w,D://OneDrive//Documents//CDT//Year2//Training//Outreach//BeCurious//a_data//15-20//737-a_n.wav,w
56,w,D://OneDrive//Documents//CDT//Year2//Training//Outreach//BeCurious//a_data//15-20//738-a_n.wav,w
57,m,D://OneDrive//Documents//CDT//Year2//Training//Outreach//BeCurious//a_data//15-20//803-a_n.wav,m
58,m,D://OneDrive//Documents//CDT//Year2//Training//Outreach//BeCurious//a_data//15-20//804-a_n.wav,m
59,m,D://OneDrive//Documents//CDT//Year2//Training//Outreach//BeCurious//a_data//15-20//805-a_n.wav,m
60,m,D://OneDrive//Documents//CDT//Year2//Training//Outreach//BeCurious//a_data//15-20//806-a_n.wav,w
61,m,D://OneDrive//Documents//CDT//Year2//Training//Outreach//BeCurious//a_data//15-20//807-a_n.wav,m
62,m,D://OneDrive//Documents//CDT//Year2//Training//Outreach//BeCurious//a_data//15-20//808-a_n.wav,m
63,m,D://OneDrive//Documents//CDT//Year2//Training//Outreach//BeCurious//a_data//15-20//809-a_n.wav,m
64,m,D://OneDrive//Documents//CDT//Year2//Training//Outreach//BeCurious//a_data//15-20//810-a_n.wav,w
65,m,D://OneDrive//Documents//CDT//Year2//Training//Outreach//BeCurious//a_data//15-20//782-a_n.wav,m
66,m,D://OneDrive//Documents//CDT//Year2//Training//Outreach//BeCurious//a_data//15-20//812-a_n.wav,m
67,m,D://OneDrive//Documents//CDT//Year2//Training//Outreach//BeCurious//a_data//15-20//813-a_n.wav,m
68,w,D://OneDrive//Documents//CDT//Year2//Training//Outreach//BeCurious//a_data//15-20//833-a_n.wav,w
69,w,D://OneDrive//Documents//CDT//Year2//Training//Outreach//BeCurious//a_data//15-20//834-a_n.wav,w
70,w,D://OneDrive//Documents//CDT//Year2//Training//Outreach//BeCurious//a_data//15-20//835-a_n.wav,w
71,w,D://OneDrive//Documents//CDT//Year2//Training//Outreach//BeCurious//a_data//15-20//836-a_n.wav,w
72,w,D://OneDrive//Documents//CDT//Year2//Training//Outreach//BeCurious//a_data//15-20//837-a_n.wav,w
73,w,D://OneDrive//Documents//CDT//Year2//Training//Outreach//BeCurious//a_data//15-20//832-a_n.wav,w
74,w,D://OneDrive//Documents//CDT//Year2//Training//Outreach//BeCurious//a_data//15-20//838-a_n.wav,w
75,w,D://OneDrive//Documents//CDT//Year2//Training//Outreach//BeCurious//a_data//15-20//839-a_n.wav,w
76,w,D://OneDrive//Documents//CDT//Year2//Training//Outreach//BeCurious//a_data//15-20//840-a_n.wav,w
77,w,D://OneDrive//Documents//CDT//Year2//Training//Outreach//BeCurious//a_data//15-20//841-a_n.wav,w
78,w,D://OneDrive//Documents//CDT//Year2//Training//Outreach//BeCurious//a_data//15-20//842-a_n.wav,w
79,w,D://OneDrive//Documents//CDT//Year2//Training//Outreach//BeCurious//a_data//15-20//843-a_n.wav,w
80,w,D://OneDrive//Documents//CDT//Year2//Training//Outreach//BeCurious//a_data//15-20//865-a_n.wav,w
81,w,D://OneDrive//Documents//CDT//Year2//Training//Outreach//BeCurious//a_data//15-20//867-a_n.wav,w
82,w,D://OneDrive//Documents//CDT//Year2//Training//Outreach//BeCurious//a_data//15-20//1065-a_n.wav,w
83,w,D://OneDrive//Documents//CDT//Year2//Training//Outreach//BeCurious//a_data//15-20//1068-a_n.wav,w
84,w,D://OneDrive//Documents//CDT//Year2//Training//Outreach//BeCurious//a_data//15-20//1094-a_n.wav,w
85,w,D://OneDrive//Documents//CDT//Year2//Training//Outreach//BeCurious//a_data//15-20//1109-a_n.wav,m
86,w,D://OneDrive//Documents//CDT//Year2//Training//Outreach//BeCurious//a_data//15-20//1110-a_n.wav,w
87,w,D://OneDrive//Documents//CDT//Year2//Training//Outreach//BeCurious//a_data//15-20//1099-a_n.wav,w
88,w,D://OneDrive//Documents//CDT//Year2//Training//Outreach//BeCurious//a_data//15-20//1100-a_n.wav,w
89,w,D://OneDrive//Documents//CDT//Year2//Training//Outreach//BeCurious//a_data//15-20//1101-a_n.wav,w
90,w,D://OneDrive//Documents//CDT//Year2//Training//Outreach//BeCurious//a_data//15-20//1102-a_n.wav,w
91,m,D://OneDrive//Documents//CDT//Year2//Training//Outreach//BeCurious//a_data//15-20//1111-a_n.wav,m
92,w,D://OneDrive//Documents//CDT//Year2//Training//Outreach//BeCurious//a_data//15-20//1103-a_n.wav,w
93,w,D://OneDrive//Documents//CDT//Year2//Training//Outreach//BeCurious//a_data//15-20//1112-a_n.wav,w
94,w,D://OneDrive//Documents//CDT//Year2//Training//Outreach//BeCurious//a_data//15-20//1104-a_n.wav,w
95,w,D://OneDrive//Documents//CDT//Year2//Training//Outreach//BeCurious//a_data//15-20//1106-a_n.wav,w
96,w,D://OneDrive//Documents//CDT//Year2//Training//Outreach//BeCurious//a_data//15-20//1107-a_n.wav,w
97,w,D://OneDrive//Documents//CDT//Year2//Training//Outreach//BeCurious//a_data//15-20//1122-a_n.wav,w
98,w,D://OneDrive//Documents//CDT//Year2//Training//Outreach//BeCurious//a_data//15-20//1127-a_n.wav,w
99,w,D://OneDrive//Documents//CDT//Year2//Training//Outreach//BeCurious//a_data//15-20//1128-a_n.wav,w
100,w,D://OneDrive//Documents//CDT//Year2//Training//Outreach//BeCurious//a_data//15-20//1131-a_n.wav,w
101,w,D://OneDrive//Documents//CDT//Year2//Training//Outreach//BeCurious//a_data//15-20//1135-a_n.wav,w
102,w,D://OneDrive//Documents//CDT//Year2//Training//Outreach//BeCurious//a_data//15-20//1134-a_n.wav,w
103,m,D://OneDrive//Documents//CDT//Year2//Training//Outreach//BeCurious//a_data//15-20//1138-a_n.wav,m
104,m,D://OneDrive//Documents//CDT//Year2//Training//Outreach//BeCurious//a_data//15-20//1140-a_n.wav,m
105,m,D://OneDrive//Documents//CDT//Year2//Training//Outreach//BeCurious//a_data//15-20//1155-a_n.wav,m
106,w,D://OneDrive//Documents//CDT//Year2//Training//Outreach//BeCurious//a_data//15-20//1149-a_n.wav,w
107,w,D://OneDrive//Documents//CDT//Year2//Training//Outreach//BeCurious//a_data//15-20//1150-a_n.wav,w
108,w,D://OneDrive//Documents//CDT//Year2//Training//Outreach//BeCurious//a_data//15-20//1169-a_n.wav,w
109,w,D://OneDrive//Documents//CDT//Year2//Training//Outreach//BeCurious//a_data//15-20//1170-a_n.wav,w
110,w,D://OneDrive//Documents//CDT//Year2//Training//Outreach//BeCurious//a_data//15-20//1171-a_n.wav,w
111,w,D://OneDrive//Documents//CDT//Year2//Training//Outreach//BeCurious//a_data//15-20//1167-a_n.wav,w
112,w,D://OneDrive//Documents//CDT//Year2//Training//Outreach//BeCurious//a_data//15-20//1172-a_n.wav,w
113,w,D://OneDrive//Documents//CDT//Year2//Training//Outreach//BeCurious//a_data//15-20//1168-a_n.wav,w
114,w,D://OneDrive//Documents//CDT//Year2//Training//Outreach//BeCurious//a_data//15-20//1174-a_n.wav,w
115,w,D://OneDrive//Documents//CDT//Year2//Training//Outreach//BeCurious//a_data//15-20//1175-a_n.wav,w
116,w,D://OneDrive//Documents//CDT//Year2//Training//Outreach//BeCurious//a_data//15-20//1176-a_n.wav,w
117,w,D://OneDrive//Documents//CDT//Year2//Training//Outreach//BeCurious//a_data//15-20//1185-a_n.wav,w
118,w,D://OneDrive//Documents//CDT//Year2//Training//Outreach//BeCurious//a_data//15-20//1178-a_n.wav,w
119,w,D://OneDrive//Documents//CDT//Year2//Training//Outreach//BeCurious//a_data//15-20//1179-a_n.wav,w
120,w,D://OneDrive//Documents//CDT//Year2//Training//Outreach//BeCurious//a_data//15-20//1184-a_n.wav,w
121,w,D://OneDrive//Documents//CDT//Year2//Training//Outreach//BeCurious//a_data//15-20//1182-a_n.wav,w
122,w,D://OneDrive//Documents//CDT//Year2//Training//Outreach//BeCurious//a_data//15-20//1207-a_n.wav,m
123,w,D://OneDrive//Documents//CDT//Year2//Training//Outreach//BeCurious//a_data//15-20//1208-a_n.wav,w
124,w,D://OneDrive//Documents//CDT//Year2//Training//Outreach//BeCurious//a_data//15-20//1211-a_n.wav,w
125,w,D://OneDrive//Documents//CDT//Year2//Training//Outreach//BeCurious//a_data//15-20//1320-a_n.wav,w
126,w,D://OneDrive//Documents//CDT//Year2//Training//Outreach//BeCurious//a_data//15-20//1343-a_n.wav,w
127,m,D://OneDrive//Documents//CDT//Year2//Training//Outreach//BeCurious//a_data//15-20//1345-a_n.wav,m
128,w,D://OneDrive//Documents//CDT//Year2//Training//Outreach//BeCurious//a_data//15-20//1346-a_n.wav,w
129,w,D://OneDrive//Documents//CDT//Year2//Training//Outreach//BeCurious//a_data//15-20//1347-a_n.wav,w
130,w,D://OneDrive//Documents//CDT//Year2//Training//Outreach//BeCurious//a_data//15-20//1356-a_n.wav,w
131,w,D://OneDrive//Documents//CDT//Year2//Training//Outreach//BeCurious//a_data//15-20//1350-a_n.wav,w
132,w,D://OneDrive//Documents//CDT//Year2//Training//Outreach//BeCurious//a_data//15-20//1363-a_n.wav,w
133,w,D://OneDrive//Documents//CDT//Year2//Training//Outreach//BeCurious//a_data//15-20//1361-a_n.wav,w
134,w,D://OneDrive//Documents//CDT//Year2//Training//Outreach//BeCurious//a_data//15-20//1364-a_n.wav,w
135,w,D://OneDrive//Documents//CDT//Year2//Training//Outreach//BeCurious//a_data//15-20//1366-a_n.wav,w
136,w,D://OneDrive//Documents//CDT//Year2//Training//Outreach//BeCurious//a_data//15-20//1367-a_n.wav,w
137,w,D://OneDrive//Documents//CDT//Year2//Training//Outreach//BeCurious//a_data//15-20//1368-a_n.wav,w
138,w,D://OneDrive//Documents//CDT//Year2//Training//Outreach//BeCurious//a_data//15-20//1369-a_n.wav,w
139,m,D://OneDrive//Documents//CDT//Year2//Training//Outreach//BeCurious//a_data//15-20//1427-a_n.wav,m
140,w,D://OneDrive//Documents//CDT//Year2//Training//Outreach//BeCurious//a_data//15-20//1509-a_n.wav,w
141,w,D://OneDrive//Documents//CDT//Year2//Training//Outreach//BeCurious//a_data//15-20//1504-a_n.wav,w
142,w,D://OneDrive//Documents//CDT//Year2//Training//Outreach//BeCurious//a_data//15-20//1513-a_n.wav,w
143,w,D://OneDrive//Documents//CDT//Year2//Training//Outreach//BeCurious//a_data//15-20//1516-a_n.wav,w
144,w,D://OneDrive//Documents//CDT//Year2//Training//Outreach//BeCurious//a_data//15-20//1527-a_n.wav,w
145,w,D://OneDrive//Documents//CDT//Year2//Training//Outreach//BeCurious//a_data//15-20//1530-a_n.wav,w
146,w,D://OneDrive//Documents//CDT//Year2//Training//Outreach//BeCurious//a_data//15-20//1531-a_n.wav,w
147,w,D://OneDrive//Documents//CDT//Year2//Training//Outreach//BeCurious//a_data//15-20//1538-a_n.wav,w
148,w,D://OneDrive//Documents//CDT//Year2//Training//Outreach//BeCurious//a_data//15-20//1542-a_n.wav,w
149,w,D://OneDrive//Documents//CDT//Year2//Training//Outreach//BeCurious//a_data//15-20//1583-a_n.wav,w
150,w,D://OneDrive//Documents//CDT//Year2//Training//Outreach//BeCurious//a_data//15-20//1725-a_n.wav,w
151,w,D://OneDrive//Documents//CDT//Year2//Training//Outreach//BeCurious//a_data//15-20//1740-a_n.wav,w
152,w,D://OneDrive//Documents//CDT//Year2//Training//Outreach//BeCurious//a_data//15-20//1726-a_n.wav,w
153,w,D://OneDrive//Documents//CDT//Year2//Training//Outreach//BeCurious//a_data//15-20//1727-a_n.wav,w
154,m,D://OneDrive//Documents//CDT//Year2//Training//Outreach//BeCurious//a_data//15-20//1738-a_n.wav,m
155,w,D://OneDrive//Documents//CDT//Year2//Training//Outreach//BeCurious//a_data//15-20//1728-a_n.wav,w
156,m,D://OneDrive//Documents//CDT//Year2//Training//Outreach//BeCurious//a_data//15-20//1735-a_n.wav,m
157,w,D://OneDrive//Documents//CDT//Year2//Training//Outreach//BeCurious//a_data//15-20//1737-a_n.wav,w
158,w,D://OneDrive//Documents//CDT//Year2//Training//Outreach//BeCurious//a_data//15-20//1838-a_n.wav,w
159,w,D://OneDrive//Documents//CDT//Year2//Training//Outreach//BeCurious//a_data//15-20//1843-a_n.wav,w
160,w,D://OneDrive//Documents//CDT//Year2//Training//Outreach//BeCurious//a_data//15-20//1844-a_n.wav,w
161,w,D://OneDrive//Documents//CDT//Year2//Training//Outreach//BeCurious//a_data//15-20//1845-a_n.wav,w
162,w,D://OneDrive//Documents//CDT//Year2//Training//Outreach//BeCurious//a_data//15-20//1846-a_n.wav,w
163,m,D://OneDrive//Documents//CDT//Year2//Training//Outreach//BeCurious//a_data//15-20//1851-a_n.wav,m
164,w,D://OneDrive//Documents//CDT//Year2//Training//Outreach//BeCurious//a_data//15-20//1852-a_n.wav,w
165,w,D://OneDrive//Documents//CDT//Year2//Training//Outreach//BeCurious//a_data//15-20//1853-a_n.wav,w
166,m,D://OneDrive//Documents//CDT//Year2//Training//Outreach//BeCurious//a_data//15-20//1854-a_n.wav,m
167,w,D://OneDrive//Documents//CDT//Year2//Training//Outreach//BeCurious//a_data//15-20//1856-a_n.wav,w
168,w,D://OneDrive//Documents//CDT//Year2//Training//Outreach//BeCurious//a_data//15-20//1857-a_n.wav,w
169,w,D://OneDrive//Documents//CDT//Year2//Training//Outreach//BeCurious//a_data//15-20//1858-a_n.wav,w
170,w,D://OneDrive//Documents//CDT//Year2//Training//Outreach//BeCurious//a_data//15-20//1872-a_n.wav,w
171,w,D://OneDrive//Documents//CDT//Year2//Training//Outreach//BeCurious//a_data//15-20//1873-a_n.wav,w
172,w,D://OneDrive//Documents//CDT//Year2//Training//Outreach//BeCurious//a_data//15-20//1874-a_n.wav,w
173,w,D://OneDrive//Documents//CDT//Year2//Training//Outreach//BeCurious//a_data//15-20//1875-a_n.wav,w
174,m,D://OneDrive//Documents//CDT//Year2//Training//Outreach//BeCurious//a_data//15-20//1877-a_n.wav,m
175,w,D://OneDrive//Documents//CDT//Year2//Training//Outreach//BeCurious//a_data//15-20//1878-a_n.wav,w
176,w,D://OneDrive//Documents//CDT//Year2//Training//Outreach//BeCurious//a_data//15-20//1880-a_n.wav,m
177,w,D://OneDrive//Documents//CDT//Year2//Training//Outreach//BeCurious//a_data//15-20//1881-a_n.wav,w
178,w,D://OneDrive//Documents//CDT//Year2//Training//Outreach//BeCurious//a_data//15-20//1884-a_n.wav,w
179,w,D://OneDrive//Documents//CDT//Year2//Training//Outreach//BeCurious//a_data//15-20//1885-a_n.wav,w
180,w,D://OneDrive//Documents//CDT//Year2//Training//Outreach//BeCurious//a_data//15-20//1886-a_n.wav,w
181,w,D://OneDrive//Documents//CDT//Year2//Training//Outreach//BeCurious//a_data//15-20//1920-a_n.wav,w
182,w,D://OneDrive//Documents//CDT//Year2//Training//Outreach//BeCurious//a_data//15-20//1947-a_n.wav,w
183,w,D://OneDrive//Documents//CDT//Year2//Training//Outreach//BeCurious//a_data//15-20//1995-a_n.wav,w
184,w,D://OneDrive//Documents//CDT//Year2//Training//Outreach//BeCurious//a_data//15-20//1996-a_n.wav,w
185,w,D://OneDrive//Documents//CDT//Year2//Training//Outreach//BeCurious//a_data//15-20//2037-a_n.wav,w
186,w,D://OneDrive//Documents//CDT//Year2//Training//Outreach//BeCurious//a_data//15-20//2042-a_n.wav,w
187,w,D://OneDrive//Documents//CDT//Year2//Training//Outreach//BeCurious//a_data//15-20//2043-a_n.wav,w
188,w,D://OneDrive//Documents//CDT//Year2//Training//Outreach//BeCurious//a_data//15-20//2046-a_n.wav,w
189,w,D://OneDrive//Documents//CDT//Year2//Training//Outreach//BeCurious//a_data//15-20//2049-a_n.wav,w
190,w,D://OneDrive//Documents//CDT//Year2//Training//Outreach//BeCurious//a_data//15-20//2051-a_n.wav,w
191,w,D://OneDrive//Documents//CDT//Year2//Training//Outreach//BeCurious//a_data//15-20//2054-a_n.wav,w
192,w,D://OneDrive//Documents//CDT//Year2//Training//Outreach//BeCurious//a_data//15-20//2162-a_n.wav,w
193,w,D://OneDrive//Documents//CDT//Year2//Training//Outreach//BeCurious//a_data//15-20//2165-a_n.wav,w
194,w,D://OneDrive//Documents//CDT//Year2//Training//Outreach//BeCurious//a_data//15-20//2166-a_n.wav,w
195,w,D://OneDrive//Documents//CDT//Year2//Training//Outreach//BeCurious//a_data//15-20//2167-a_n.wav,w
196,w,D://OneDrive//Documents//CDT//Year2//Training//Outreach//BeCurious//a_data//15-20//2168-a_n.wav,w
197,w,D://OneDrive//Documents//CDT//Year2//Training//Outreach//BeCurious//a_data//15-20//2171-a_n.wav,w
198,w,D://OneDrive//Documents//CDT//Year2//Training//Outreach//BeCurious//a_data//15-20//2172-a_n.wav,w
199,w,D://OneDrive//Documents//CDT//Year2//Training//Outreach//BeCurious//a_data//15-20//2173-a_n.wav,w
200,w,D://OneDrive//Documents//CDT//Year2//Training//Outreach//BeCurious//a_data//15-20//2177-a_n.wav,w
201,w,D://OneDrive//Documents//CDT//Year2//Training//Outreach//BeCurious//a_data//15-20//2178-a_n.wav,w
202,w,D://OneDrive//Documents//CDT//Year2//Training//Outreach//BeCurious//a_data//15-20//2179-a_n.wav,w
203,w,D://OneDrive//Documents//CDT//Year2//Training//Outreach//BeCurious//a_data//15-20//2180-a_n.wav,w
204,m,D://OneDrive//Documents//CDT//Year2//Training//Outreach//BeCurious//a_data//15-20//2195-a_n.wav,m
205,w,D://OneDrive//Documents//CDT//Year2//Training//Outreach//BeCurious//a_data//15-20//2196-a_n.wav,w
206,m,D://OneDrive//Documents//CDT//Year2//Training//Outreach//BeCurious//a_data//15-20//2197-a_n.wav,m
207,w,D://OneDrive//Documents//CDT//Year2//Training//Outreach//BeCurious//a_data//15-20//2199-a_n.wav,w
208,w,D://OneDrive//Documents//CDT//Year2//Training//Outreach//BeCurious//a_data//15-20//2201-a_n.wav,w
209,w,D://OneDrive//Documents//CDT//Year2//Training//Outreach//BeCurious//a_data//15-20//2204-a_n.wav,w
210,w,D://OneDrive//Documents//CDT//Year2//Training//Outreach//BeCurious//a_data//15-20//2205-a_n.wav,w
211,w,D://OneDrive//Documents//CDT//Year2//Training//Outreach//BeCurious//a_data//15-20//2207-a_n.wav,w
212,w,D://OneDrive//Documents//CDT//Year2//Training//Outreach//BeCurious//a_data//15-20//2208-a_n.wav,w
213,w,D://OneDrive//Documents//CDT//Year2//Training//Outreach//BeCurious//a_data//15-20//2210-a_n.wav,w
214,m,D://OneDrive//Documents//CDT//Year2//Training//Outreach//BeCurious//a_data//15-20//2251-a_n.wav,m
215,w,D://OneDrive//Documents//CDT//Year2//Training//Outreach//BeCurious//a_data//15-20//2253-a_n.wav,w
216,w,D://OneDrive//Documents//CDT//Year2//Training//Outreach//BeCurious//a_data//15-20//2255-a_n.wav,w
217,w,D://OneDrive//Documents//CDT//Year2//Training//Outreach//BeCurious//a_data//15-20//2256-a_n.wav,w
218,w,D://OneDrive//Documents//CDT//Year2//Training//Outreach//BeCurious//a_data//15-20//2257-a_n.wav,w
219,w,D://OneDrive//Documents//CDT//Year2//Training//Outreach//BeCurious//a_data//15-20//2259-a_n.wav,w
220,w,D://OneDrive//Documents//CDT//Year2//Training//Outreach//BeCurious//a_data//15-20//2260-a_n.wav,w
221,w,D://OneDrive//Documents//CDT//Year2//Training//Outreach//BeCurious//a_data//15-20//2261-a_n.wav,w
222,w,D://OneDrive//Documents//CDT//Year2//Training//Outreach//BeCurious//a_data//15-20//2263-a_n.wav,w
223,w,D://OneDrive//Documents//CDT//Year2//Training//Outreach//BeCurious//a_data//15-20//2279-a_n.wav,w
224,w,D://OneDrive//Documents//CDT//Year2//Training//Outreach//BeCurious//a_data//15-20//2282-a_n.wav,w
225,w,D://OneDrive//Documents//CDT//Year2//Training//Outreach//BeCurious//a_data//15-20//2284-a_n.wav,w
226,w,D://OneDrive//Documents//CDT//Year2//Training//Outreach//BeCurious//a_data//15-20//2286-a_n.wav,w
227,w,D://OneDrive//Documents//CDT//Year2//Training//Outreach//BeCurious//a_data//15-20//2084-a_n.wav,w
228,w,D://OneDrive//Documents//CDT//Year2//Training//Outreach//BeCurious//a_data//15-20//1731-a_n.wav,w
229,w,D://OneDrive//Documents//CDT//Year2//Training//Outreach//BeCurious//a_data//15-20//2495-a_n.wav,w
230,w,D://OneDrive//Documents//CDT//Year2//Training//Outreach//BeCurious//a_data//15-20//2532-a_n.wav,w
231,w,D://OneDrive//Documents//CDT//Year2//Training//Outreach//BeCurious//a_data//21-30//2-a_n.wav,w
232,w,D://OneDrive//Documents//CDT//Year2//Training//Outreach//BeCurious//a_data//21-30//3-a_n.wav,w
233,m,D://OneDrive//Documents//CDT//Year2//Training//Outreach//BeCurious//a_data//21-30//4-a_n.wav,m
234,m,D://OneDrive//Documents//CDT//Year2//Training//Outreach//BeCurious//a_data//21-30//5-a_n.wav,m
235,m,D://OneDrive//Documents//CDT//Year2//Training//Outreach//BeCurious//a_data//21-30//9-a_n.wav,m
236,w,D://OneDrive//Documents//CDT//Year2//Training//Outreach//BeCurious//a_data//21-30//10-a_n.wav,w
237,w,D://OneDrive//Documents//CDT//Year2//Training//Outreach//BeCurious//a_data//21-30//2200-a_n.wav,w
238,m,D://OneDrive//Documents//CDT//Year2//Training//Outreach//BeCurious//a_data//21-30//11-a_n.wav,m
239,w,D://OneDrive//Documents//CDT//Year2//Training//Outreach//BeCurious//a_data//21-30//12-a_n.wav,w
240,w,D://OneDrive//Documents//CDT//Year2//Training//Outreach//BeCurious//a_data//21-30//13-a_n.wav,w
241,m,D://OneDrive//Documents//CDT//Year2//Training//Outreach//BeCurious//a_data//21-30//15-a_n.wav,m
242,w,D://OneDrive//Documents//CDT//Year2//Training//Outreach//BeCurious//a_data//21-30//26-a_n.wav,w
243,w,D://OneDrive//Documents//CDT//Year2//Training//Outreach//BeCurious//a_data//21-30//19-a_n.wav,w
244,w,D://OneDrive//Documents//CDT//Year2//Training//Outreach//BeCurious//a_data//21-30//20-a_n.wav,w
245,w,D://OneDrive//Documents//CDT//Year2//Training//Outreach//BeCurious//a_data//21-30//22-a_n.wav,w
246,w,D://OneDrive//Documents//CDT//Year2//Training//Outreach//BeCurious//a_data//21-30//1359-a_n.wav,w
247,w,D://OneDrive//Documents//CDT//Year2//Training//Outreach//BeCurious//a_data//21-30//23-a_n.wav,w
248,w,D://OneDrive//Documents//CDT//Year2//Training//Outreach//BeCurious//a_data//21-30//25-a_n.wav,m
249,w,D://OneDrive//Documents//CDT//Year2//Training//Outreach//BeCurious//a_data//21-30//33-a_n.wav,w
250,w,D://OneDrive//Documents//CDT//Year2//Training//Outreach//BeCurious//a_data//21-30//35-a_n.wav,w
251,w,D://OneDrive//Documents//CDT//Year2//Training//Outreach//BeCurious//a_data//21-30//36-a_n.wav,w
252,w,D://OneDrive//Documents//CDT//Year2//Training//Outreach//BeCurious//a_data//21-30//38-a_n.wav,w
253,w,D://OneDrive//Documents//CDT//Year2//Training//Outreach//BeCurious//a_data//21-30//39-a_n.wav,w
254,w,D://OneDrive//Documents//CDT//Year2//Training//Outreach//BeCurious//a_data//21-30//44-a_n.wav,w
255,w,D://OneDrive//Documents//CDT//Year2//Training//Outreach//BeCurious//a_data//21-30//46-a_n.wav,m
256,w,D://OneDrive//Documents//CDT//Year2//Training//Outreach//BeCurious//a_data//21-30//1579-a_n.wav,m
257,w,D://OneDrive//Documents//CDT//Year2//Training//Outreach//BeCurious//a_data//21-30//1605-a_n.wav,m
258,w,D://OneDrive//Documents//CDT//Year2//Training//Outreach//BeCurious//a_data//21-30//52-a_n.wav,w
259,m,D://OneDrive//Documents//CDT//Year2//Training//Outreach//BeCurious//a_data//21-30//53-a_n.wav,m
260,w,D://OneDrive//Documents//CDT//Year2//Training//Outreach//BeCurious//a_data//21-30//54-a_n.wav,w
261,w,D://OneDrive//Documents//CDT//Year2//Training//Outreach//BeCurious//a_data//21-30//55-a_n.wav,w
262,w,D://OneDrive//Documents//CDT//Year2//Training//Outreach//BeCurious//a_data//21-30//56-a_n.wav,w
263,w,D://OneDrive//Documents//CDT//Year2//Training//Outreach//BeCurious//a_data//21-30//57-a_n.wav,w
264,w,D://OneDrive//Documents//CDT//Year2//Training//Outreach//BeCurious//a_data//21-30//58-a_n.wav,w
265,m,D://OneDrive//Documents//CDT//Year2//Training//Outreach//BeCurious//a_data//21-30//59-a_n.wav,m
266,m,D://OneDrive//Documents//CDT//Year2//Training//Outreach//BeCurious//a_data//21-30//60-a_n.wav,m
267,m,D://OneDrive//Documents//CDT//Year2//Training//Outreach//BeCurious//a_data//21-30//61-a_n.wav,m
268,w,D://OneDrive//Documents//CDT//Year2//Training//Outreach//BeCurious//a_data//21-30//62-a_n.wav,w
269,w,D://OneDrive//Documents//CDT//Year2//Training//Outreach//BeCurious//a_data//21-30//97-a_n.wav,w
270,m,D://OneDrive//Documents//CDT//Year2//Training//Outreach//BeCurious//a_data//21-30//98-a_n.wav,m
271,m,D://OneDrive//Documents//CDT//Year2//Training//Outreach//BeCurious//a_data//21-30//103-a_n.wav,m
272,w,D://OneDrive//Documents//CDT//Year2//Training//Outreach//BeCurious//a_data//21-30//115-a_n.wav,w
273,w,D://OneDrive//Documents//CDT//Year2//Training//Outreach//BeCurious//a_data//21-30//117-a_n.wav,w
274,w,D://OneDrive//Documents//CDT//Year2//Training//Outreach//BeCurious//a_data//21-30//121-a_n.wav,w
275,m,D://OneDrive//Documents//CDT//Year2//Training//Outreach//BeCurious//a_data//21-30//132-a_n.wav,m
276,w,D://OneDrive//Documents//CDT//Year2//Training//Outreach//BeCurious//a_data//21-30//133-a_n.wav,m
277,m,D://OneDrive//Documents//CDT//Year2//Training//Outreach//BeCurious//a_data//21-30//134-a_n.wav,m
278,w,D://OneDrive//Documents//CDT//Year2//Training//Outreach//BeCurious//a_data//21-30//135-a_n.wav,w
279,w,D://OneDrive//Documents//CDT//Year2//Training//Outreach//BeCurious//a_data//21-30//145-a_n.wav,w
280,m,D://OneDrive//Documents//CDT//Year2//Training//Outreach//BeCurious//a_data//21-30//675-a_n.wav,m
281,m,D://OneDrive//Documents//CDT//Year2//Training//Outreach//BeCurious//a_data//21-30//679-a_n.wav,m
282,m,D://OneDrive//Documents//CDT//Year2//Training//Outreach//BeCurious//a_data//21-30//681-a_n.wav,m
283,w,D://OneDrive//Documents//CDT//Year2//Training//Outreach//BeCurious//a_data//21-30//682-a_n.wav,w
284,w,D://OneDrive//Documents//CDT//Year2//Training//Outreach//BeCurious//a_data//21-30//684-a_n.wav,w
285,w,D://OneDrive//Documents//CDT//Year2//Training//Outreach//BeCurious//a_data//21-30//689-a_n.wav,w
286,m,D://OneDrive//Documents//CDT//Year2//Training//Outreach//BeCurious//a_data//21-30//690-a_n.wav,w
287,w,D://OneDrive//Documents//CDT//Year2//Training//Outreach//BeCurious//a_data//21-30//695-a_n.wav,w
288,m,D://OneDrive//Documents//CDT//Year2//Training//Outreach//BeCurious//a_data//21-30//701-a_n.wav,m
289,w,D://OneDrive//Documents//CDT//Year2//Training//Outreach//BeCurious//a_data//21-30//702-a_n.wav,w
290,w,D://OneDrive//Documents//CDT//Year2//Training//Outreach//BeCurious//a_data//21-30//703-a_n.wav,w
291,m,D://OneDrive//Documents//CDT//Year2//Training//Outreach//BeCurious//a_data//21-30//704-a_n.wav,m
292,m,D://OneDrive//Documents//CDT//Year2//Training//Outreach//BeCurious//a_data//21-30//706-a_n.wav,m
293,m,D://OneDrive//Documents//CDT//Year2//Training//Outreach//BeCurious//a_data//21-30//694-a_n.wav,m
294,w,D://OneDrive//Documents//CDT//Year2//Training//Outreach//BeCurious//a_data//21-30//707-a_n.wav,w
295,m,D://OneDrive//Documents//CDT//Year2//Training//Outreach//BeCurious//a_data//21-30//708-a_n.wav,m
296,w,D://OneDrive//Documents//CDT//Year2//Training//Outreach//BeCurious//a_data//21-30//709-a_n.wav,w
297,w,D://OneDrive//Documents//CDT//Year2//Training//Outreach//BeCurious//a_data//21-30//710-a_n.wav,w
298,w,D://OneDrive//Documents//CDT//Year2//Training//Outreach//BeCurious//a_data//21-30//711-a_n.wav,w
299,w,D://OneDrive//Documents//CDT//Year2//Training//Outreach//BeCurious//a_data//21-30//733-a_n.wav,w
300,w,D://OneDrive//Documents//CDT//Year2//Training//Outreach//BeCurious//a_data//21-30//734-a_n.wav,w
301,w,D://OneDrive//Documents//CDT//Year2//Training//Outreach//BeCurious//a_data//21-30//735-a_n.wav,w
302,w,D://OneDrive//Documents//CDT//Year2//Training//Outreach//BeCurious//a_data//21-30//736-a_n.wav,m
303,w,D://OneDrive//Documents//CDT//Year2//Training//Outreach//BeCurious//a_data//21-30//732-a_n.wav,w
304,m,D://OneDrive//Documents//CDT//Year2//Training//Outreach//BeCurious//a_data//21-30//739-a_n.wav,m
305,m,D://OneDrive//Documents//CDT//Year2//Training//Outreach//BeCurious//a_data//21-30//740-a_n.wav,m
306,m,D://OneDrive//Documents//CDT//Year2//Training//Outreach//BeCurious//a_data//21-30//744-a_n.wav,m
307,w,D://OneDrive//Documents//CDT//Year2//Training//Outreach//BeCurious//a_data//21-30//745-a_n.wav,w
308,w,D://OneDrive//Documents//CDT//Year2//Training//Outreach//BeCurious//a_data//21-30//746-a_n.wav,w
309,w,D://OneDrive//Documents//CDT//Year2//Training//Outreach//BeCurious//a_data//21-30//747-a_n.wav,w
310,m,D://OneDrive//Documents//CDT//Year2//Training//Outreach//BeCurious//a_data//21-30//811-a_n.wav,m
311,m,D://OneDrive//Documents//CDT//Year2//Training//Outreach//BeCurious//a_data//21-30//860-a_n.wav,m
312,m,D://OneDrive//Documents//CDT//Year2//Training//Outreach//BeCurious//a_data//21-30//861-a_n.wav,m
313,m,D://OneDrive//Documents//CDT//Year2//Training//Outreach//BeCurious//a_data//21-30//862-a_n.wav,m
314,w,D://OneDrive//Documents//CDT//Year2//Training//Outreach//BeCurious//a_data//21-30//944-a_n.wav,w
315,m,D://OneDrive//Documents//CDT//Year2//Training//Outreach//BeCurious//a_data//21-30//948-a_n.wav,m
316,w,D://OneDrive//Documents//CDT//Year2//Training//Outreach//BeCurious//a_data//21-30//962-a_n.wav,w
317,m,D://OneDrive//Documents//CDT//Year2//Training//Outreach//BeCurious//a_data//21-30//967-a_n.wav,m
318,m,D://OneDrive//Documents//CDT//Year2//Training//Outreach//BeCurious//a_data//21-30//972-a_n.wav,m
319,m,D://OneDrive//Documents//CDT//Year2//Training//Outreach//BeCurious//a_data//21-30//977-a_n.wav,m
320,m,D://OneDrive//Documents//CDT//Year2//Training//Outreach//BeCurious//a_data//21-30//979-a_n.wav,w
321,w,D://OneDrive//Documents//CDT//Year2//Training//Outreach//BeCurious//a_data//21-30//990-a_n.wav,w
322,m,D://OneDrive//Documents//CDT//Year2//Training//Outreach//BeCurious//a_data//21-30//998-a_n.wav,m
323,m,D://OneDrive//Documents//CDT//Year2//Training//Outreach//BeCurious//a_data//21-30//993-a_n.wav,m
324,m,D://OneDrive//Documents//CDT//Year2//Training//Outreach//BeCurious//a_data//21-30//994-a_n.wav,m
325,m,D://OneDrive//Documents//CDT//Year2//Training//Outreach//BeCurious//a_data//21-30//995-a_n.wav,m
326,m,D://OneDrive//Documents//CDT//Year2//Training//Outreach//BeCurious//a_data//21-30//1002-a_n.wav,m
327,m,D://OneDrive//Documents//CDT//Year2//Training//Outreach//BeCurious//a_data//21-30//1011-a_n.wav,m
328,m,D://OneDrive//Documents//CDT//Year2//Training//Outreach//BeCurious//a_data//21-30//1012-a_n.wav,m
329,m,D://OneDrive//Documents//CDT//Year2//Training//Outreach//BeCurious//a_data//21-30//1020-a_n.wav,m
330,m,D://OneDrive//Documents//CDT//Year2//Training//Outreach//BeCurious//a_data//21-30//1035-a_n.wav,m
331,m,D://OneDrive//Documents//CDT//Year2//Training//Outreach//BeCurious//a_data//21-30//1034-a_n.wav,w
332,w,D://OneDrive//Documents//CDT//Year2//Training//Outreach//BeCurious//a_data//21-30//1059-a_n.wav,w
333,w,D://OneDrive//Documents//CDT//Year2//Training//Outreach//BeCurious//a_data//21-30//1060-a_n.wav,w
334,m,D://OneDrive//Documents//CDT//Year2//Training//Outreach//BeCurious//a_data//21-30//1061-a_n.wav,m
335,m,D://OneDrive//Documents//CDT//Year2//Training//Outreach//BeCurious//a_data//21-30//1064-a_n.wav,m
336,w,D://OneDrive//Documents//CDT//Year2//Training//Outreach//BeCurious//a_data//21-30//1066-a_n.wav,w
337,m,D://OneDrive//Documents//CDT//Year2//Training//Outreach//BeCurious//a_data//21-30//1069-a_n.wav,m
338,m,D://OneDrive//Documents//CDT//Year2//Training//Outreach//BeCurious//a_data//21-30//1071-a_n.wav,m
339,m,D://OneDrive//Documents//CDT//Year2//Training//Outreach//BeCurious//a_data//21-30//1075-a_n.wav,m
340,m,D://OneDrive//Documents//CDT//Year2//Training//Outreach//BeCurious//a_data//21-30//1093-a_n.wav,m
341,w,D://OneDrive//Documents//CDT//Year2//Training//Outreach//BeCurious//a_data//21-30//1095-a_n.wav,w
342,w,D://OneDrive//Documents//CDT//Year2//Training//Outreach//BeCurious//a_data//21-30//1096-a_n.wav,w
343,w,D://OneDrive//Documents//CDT//Year2//Training//Outreach//BeCurious//a_data//21-30//1097-a_n.wav,w
344,w,D://OneDrive//Documents//CDT//Year2//Training//Outreach//BeCurious//a_data//21-30//1098-a_n.wav,w
345,m,D://OneDrive//Documents//CDT//Year2//Training//Outreach//BeCurious//a_data//21-30//1108-a_n.wav,m
346,w,D://OneDrive//Documents//CDT//Year2//Training//Outreach//BeCurious//a_data//21-30//1121-a_n.wav,w
347,w,D://OneDrive//Documents//CDT//Year2//Training//Outreach//BeCurious//a_data//21-30//1123-a_n.wav,w
348,w,D://OneDrive//Documents//CDT//Year2//Training//Outreach//BeCurious//a_data//21-30//1124-a_n.wav,w
349,m,D://OneDrive//Documents//CDT//Year2//Training//Outreach//BeCurious//a_data//21-30//1125-a_n.wav,m
350,m,D://OneDrive//Documents//CDT//Year2//Training//Outreach//BeCurious//a_data//21-30//1126-a_n.wav,m
351,m,D://OneDrive//Documents//CDT//Year2//Training//Outreach//BeCurious//a_data//21-30//1136-a_n.wav,m
352,w,D://OneDrive//Documents//CDT//Year2//Training//Outreach//BeCurious//a_data//21-30//1129-a_n.wav,w
353,w,D://OneDrive//Documents//CDT//Year2//Training//Outreach//BeCurious//a_data//21-30//1130-a_n.wav,w
354,w,D://OneDrive//Documents//CDT//Year2//Training//Outreach//BeCurious//a_data//21-30//1132-a_n.wav,w
355,w,D://OneDrive//Documents//CDT//Year2//Training//Outreach//BeCurious//a_data//21-30//1133-a_n.wav,w
356,w,D://OneDrive//Documents//CDT//Year2//Training//Outreach//BeCurious//a_data//21-30//1137-a_n.wav,w
357,w,D://OneDrive//Documents//CDT//Year2//Training//Outreach//BeCurious//a_data//21-30//1139-a_n.wav,w
358,m,D://OneDrive//Documents//CDT//Year2//Training//Outreach//BeCurious//a_data//21-30//1141-a_n.wav,m
359,m,D://OneDrive//Documents//CDT//Year2//Training//Outreach//BeCurious//a_data//21-30//1153-a_n.wav,m
360,m,D://OneDrive//Documents//CDT//Year2//Training//Outreach//BeCurious//a_data//21-30//1142-a_n.wav,m
361,m,D://OneDrive//Documents//CDT//Year2//Training//Outreach//BeCurious//a_data//21-30//1143-a_n.wav,m
362,w,D://OneDrive//Documents//CDT//Year2//Training//Outreach//BeCurious//a_data//21-30//1144-a_n.wav,w
363,w,D://OneDrive//Documents//CDT//Year2//Training//Outreach//BeCurious//a_data//21-30//1145-a_n.wav,w
364,w,D://OneDrive//Documents//CDT//Year2//Training//Outreach//BeCurious//a_data//21-30//1146-a_n.wav,w
365,w,D://OneDrive//Documents//CDT//Year2//Training//Outreach//BeCurious//a_data//21-30//1147-a_n.wav,w
366,w,D://OneDrive//Documents//CDT//Year2//Training//Outreach//BeCurious//a_data//21-30//1148-a_n.wav,w
367,w,D://OneDrive//Documents//CDT//Year2//Training//Outreach//BeCurious//a_data//21-30//1151-a_n.wav,w
368,m,D://OneDrive//Documents//CDT//Year2//Training//Outreach//BeCurious//a_data//21-30//1173-a_n.wav,m
369,w,D://OneDrive//Documents//CDT//Year2//Training//Outreach//BeCurious//a_data//21-30//1177-a_n.wav,m
370,m,D://OneDrive//Documents//CDT//Year2//Training//Outreach//BeCurious//a_data//21-30//1183-a_n.wav,m
371,w,D://OneDrive//Documents//CDT//Year2//Training//Outreach//BeCurious//a_data//21-30//1180-a_n.wav,w
372,w,D://OneDrive//Documents//CDT//Year2//Training//Outreach//BeCurious//a_data//21-30//1215-a_n.wav,w
373,w,D://OneDrive//Documents//CDT//Year2//Training//Outreach//BeCurious//a_data//21-30//1209-a_n.wav,w
374,w,D://OneDrive//Documents//CDT//Year2//Training//Outreach//BeCurious//a_data//21-30//1210-a_n.wav,w
375,w,D://OneDrive//Documents//CDT//Year2//Training//Outreach//BeCurious//a_data//21-30//1212-a_n.wav,w
376,w,D://OneDrive//Documents//CDT//Year2//Training//Outreach//BeCurious//a_data//21-30//1216-a_n.wav,w
377,m,D://OneDrive//Documents//CDT//Year2//Training//Outreach//BeCurious//a_data//21-30//1308-a_n.wav,m
378,m,D://OneDrive//Documents//CDT//Year2//Training//Outreach//BeCurious//a_data//21-30//1344-a_n.wav,w
379,w,D://OneDrive//Documents//CDT//Year2//Training//Outreach//BeCurious//a_data//21-30//1357-a_n.wav,w
380,m,D://OneDrive//Documents//CDT//Year2//Training//Outreach//BeCurious//a_data//21-30//1358-a_n.wav,m
381,m,D://OneDrive//Documents//CDT//Year2//Training//Outreach//BeCurious//a_data//21-30//1348-a_n.wav,m
382,w,D://OneDrive//Documents//CDT//Year2//Training//Outreach//BeCurious//a_data//21-30//1349-a_n.wav,w
383,m,D://OneDrive//Documents//CDT//Year2//Training//Outreach//BeCurious//a_data//21-30//1360-a_n.wav,m
384,w,D://OneDrive//Documents//CDT//Year2//Training//Outreach//BeCurious//a_data//21-30//1351-a_n.wav,w
385,w,D://OneDrive//Documents//CDT//Year2//Training//Outreach//BeCurious//a_data//21-30//1353-a_n.wav,w
386,m,D://OneDrive//Documents//CDT//Year2//Training//Outreach//BeCurious//a_data//21-30//1354-a_n.wav,m
387,w,D://OneDrive//Documents//CDT//Year2//Training//Outreach//BeCurious//a_data//21-30//1355-a_n.wav,w
388,w,D://OneDrive//Documents//CDT//Year2//Training//Outreach//BeCurious//a_data//21-30//1342-a_n.wav,w
389,w,D://OneDrive//Documents//CDT//Year2//Training//Outreach//BeCurious//a_data//21-30//1365-a_n.wav,w
390,m,D://OneDrive//Documents//CDT//Year2//Training//Outreach//BeCurious//a_data//21-30//1377-a_n.wav,m
391,w,D://OneDrive//Documents//CDT//Year2//Training//Outreach//BeCurious//a_data//21-30//1370-a_n.wav,w
392,w,D://OneDrive//Documents//CDT//Year2//Training//Outreach//BeCurious//a_data//21-30//1362-a_n.wav,w
393,w,D://OneDrive//Documents//CDT//Year2//Training//Outreach//BeCurious//a_data//21-30//1371-a_n.wav,w
394,w,D://OneDrive//Documents//CDT//Year2//Training//Outreach//BeCurious//a_data//21-30//1372-a_n.wav,w
395,w,D://OneDrive//Documents//CDT//Year2//Training//Outreach//BeCurious//a_data//21-30//1373-a_n.wav,w
396,w,D://OneDrive//Documents//CDT//Year2//Training//Outreach//BeCurious//a_data//21-30//1375-a_n.wav,w
397,w,D://OneDrive//Documents//CDT//Year2//Training//Outreach//BeCurious//a_data//21-30//1374-a_n.wav,w
398,w,D://OneDrive//Documents//CDT//Year2//Training//Outreach//BeCurious//a_data//21-30//1505-a_n.wav,w
399,m,D://OneDrive//Documents//CDT//Year2//Training//Outreach//BeCurious//a_data//21-30//1522-a_n.wav,m
400,w,D://OneDrive//Documents//CDT//Year2//Training//Outreach//BeCurious//a_data//21-30//1506-a_n.wav,w
401,m,D://OneDrive//Documents//CDT//Year2//Training//Outreach//BeCurious//a_data//21-30//1507-a_n.wav,m
402,w,D://OneDrive//Documents//CDT//Year2//Training//Outreach//BeCurious//a_data//21-30//1508-a_n.wav,w
403,w,D://OneDrive//Documents//CDT//Year2//Training//Outreach//BeCurious//a_data//21-30//1510-a_n.wav,w
404,m,D://OneDrive//Documents//CDT//Year2//Training//Outreach//BeCurious//a_data//21-30//1512-a_n.wav,m
405,w,D://OneDrive//Documents//CDT//Year2//Training//Outreach//BeCurious//a_data//21-30//1515-a_n.wav,w
406,w,D://OneDrive//Documents//CDT//Year2//Training//Outreach//BeCurious//a_data//21-30//1514-a_n.wav,w
407,m,D://OneDrive//Documents//CDT//Year2//Training//Outreach//BeCurious//a_data//21-30//1517-a_n.wav,m
408,w,D://OneDrive//Documents//CDT//Year2//Training//Outreach//BeCurious//a_data//21-30//1518-a_n.wav,w
409,w,D://OneDrive//Documents//CDT//Year2//Training//Outreach//BeCurious//a_data//21-30//1519-a_n.wav,w
410,m,D://OneDrive//Documents//CDT//Year2//Training//Outreach//BeCurious//a_data//21-30//1520-a_n.wav,m
411,m,D://OneDrive//Documents//CDT//Year2//Training//Outreach//BeCurious//a_data//21-30//1521-a_n.wav,m
412,m,D://OneDrive//Documents//CDT//Year2//Training//Outreach//BeCurious//a_data//21-30//1524-a_n.wav,m
413,m,D://OneDrive//Documents//CDT//Year2//Training//Outreach//BeCurious//a_data//21-30//1526-a_n.wav,m
414,w,D://OneDrive//Documents//CDT//Year2//Training//Outreach//BeCurious//a_data//21-30//1528-a_n.wav,w
415,w,D://OneDrive//Documents//CDT//Year2//Training//Outreach//BeCurious//a_data//21-30//1533-a_n.wav,m
416,w,D://OneDrive//Documents//CDT//Year2//Training//Outreach//BeCurious//a_data//21-30//1534-a_n.wav,w
417,w,D://OneDrive//Documents//CDT//Year2//Training//Outreach//BeCurious//a_data//21-30//1535-a_n.wav,w
418,w,D://OneDrive//Documents//CDT//Year2//Training//Outreach//BeCurious//a_data//21-30//1536-a_n.wav,w
419,m,D://OneDrive//Documents//CDT//Year2//Training//Outreach//BeCurious//a_data//21-30//1537-a_n.wav,m
420,m,D://OneDrive//Documents//CDT//Year2//Training//Outreach//BeCurious//a_data//21-30//1539-a_n.wav,m
421,w,D://OneDrive//Documents//CDT//Year2//Training//Outreach//BeCurious//a_data//21-30//1540-a_n.wav,w
422,w,D://OneDrive//Documents//CDT//Year2//Training//Outreach//BeCurious//a_data//21-30//1541-a_n.wav,w
423,w,D://OneDrive//Documents//CDT//Year2//Training//Outreach//BeCurious//a_data//21-30//1544-a_n.wav,w
424,m,D://OneDrive//Documents//CDT//Year2//Training//Outreach//BeCurious//a_data//21-30//1573-a_n.wav,w
425,w,D://OneDrive//Documents//CDT//Year2//Training//Outreach//BeCurious//a_data//21-30//1584-a_n.wav,w
426,m,D://OneDrive//Documents//CDT//Year2//Training//Outreach//BeCurious//a_data//21-30//1585-a_n.wav,m
427,m,D://OneDrive//Documents//CDT//Year2//Training//Outreach//BeCurious//a_data//21-30//1582-a_n.wav,m
428,m,D://OneDrive//Documents//CDT//Year2//Training//Outreach//BeCurious//a_data//21-30//1586-a_n.wav,m
429,m,D://OneDrive//Documents//CDT//Year2//Training//Outreach//BeCurious//a_data//21-30//1587-a_n.wav,m
430,w,D://OneDrive//Documents//CDT//Year2//Training//Outreach//BeCurious//a_data//21-30//1623-a_n.wav,w
431,w,D://OneDrive//Documents//CDT//Year2//Training//Outreach//BeCurious//a_data//21-30//1695-a_n.wav,w
432,w,D://OneDrive//Documents//CDT//Year2//Training//Outreach//BeCurious//a_data//21-30//1696-a_n.wav,w
433,m,D://OneDrive//Documents//CDT//Year2//Training//Outreach//BeCurious//a_data//21-30//1697-a_n.wav,m
434,m,D://OneDrive//Documents//CDT//Year2//Training//Outreach//BeCurious//a_data//21-30//1698-a_n.wav,m
435,w,D://OneDrive//Documents//CDT//Year2//Training//Outreach//BeCurious//a_data//21-30//1712-a_n.wav,w
436,w,D://OneDrive//Documents//CDT//Year2//Training//Outreach//BeCurious//a_data//21-30//1699-a_n.wav,w
437,m,D://OneDrive//Documents//CDT//Year2//Training//Outreach//BeCurious//a_data//21-30//1700-a_n.wav,m
438,m,D://OneDrive//Documents//CDT//Year2//Training//Outreach//BeCurious//a_data//21-30//1701-a_n.wav,m
439,m,D://OneDrive//Documents//CDT//Year2//Training//Outreach//BeCurious//a_data//21-30//1702-a_n.wav,m
440,m,D://OneDrive//Documents//CDT//Year2//Training//Outreach//BeCurious//a_data//21-30//1704-a_n.wav,m
441,m,D://OneDrive//Documents//CDT//Year2//Training//Outreach//BeCurious//a_data//21-30//1705-a_n.wav,m
442,m,D://OneDrive//Documents//CDT//Year2//Training//Outreach//BeCurious//a_data//21-30//1706-a_n.wav,m
443,w,D://OneDrive//Documents//CDT//Year2//Training//Outreach//BeCurious//a_data//21-30//1707-a_n.wav,w
444,w,D://OneDrive//Documents//CDT//Year2//Training//Outreach//BeCurious//a_data//21-30//1708-a_n.wav,w
445,m,D://OneDrive//Documents//CDT//Year2//Training//Outreach//BeCurious//a_data//21-30//1709-a_n.wav,m
446,w,D://OneDrive//Documents//CDT//Year2//Training//Outreach//BeCurious//a_data//21-30//1711-a_n.wav,m
447,m,D://OneDrive//Documents//CDT//Year2//Training//Outreach//BeCurious//a_data//21-30//1724-a_n.wav,m
448,w,D://OneDrive//Documents//CDT//Year2//Training//Outreach//BeCurious//a_data//21-30//1729-a_n.wav,w
449,m,D://OneDrive//Documents//CDT//Year2//Training//Outreach//BeCurious//a_data//21-30//1730-a_n.wav,m
450,w,D://OneDrive//Documents//CDT//Year2//Training//Outreach//BeCurious//a_data//21-30//1732-a_n.wav,w
451,w,D://OneDrive//Documents//CDT//Year2//Training//Outreach//BeCurious//a_data//21-30//1733-a_n.wav,w
452,w,D://OneDrive//Documents//CDT//Year2//Training//Outreach//BeCurious//a_data//21-30//1734-a_n.wav,w
453,w,D://OneDrive//Documents//CDT//Year2//Training//Outreach//BeCurious//a_data//21-30//1739-a_n.wav,w
454,w,D://OneDrive//Documents//CDT//Year2//Training//Outreach//BeCurious//a_data//21-30//1839-a_n.wav,w
455,w,D://OneDrive//Documents//CDT//Year2//Training//Outreach//BeCurious//a_data//21-30//1840-a_n.wav,w
456,m,D://OneDrive//Documents//CDT//Year2//Training//Outreach//BeCurious//a_data//21-30//1842-a_n.wav,m
457,m,D://OneDrive//Documents//CDT//Year2//Training//Outreach//BeCurious//a_data//21-30//1847-a_n.wav,m
458,w,D://OneDrive//Documents//CDT//Year2//Training//Outreach//BeCurious//a_data//21-30//1848-a_n.wav,w
459,m,D://OneDrive//Documents//CDT//Year2//Training//Outreach//BeCurious//a_data//21-30//1849-a_n.wav,m
460,w,D://OneDrive//Documents//CDT//Year2//Training//Outreach//BeCurious//a_data//21-30//1850-a_n.wav,w
461,w,D://OneDrive//Documents//CDT//Year2//Training//Outreach//BeCurious//a_data//21-30//1855-a_n.wav,w
462,w,D://OneDrive//Documents//CDT//Year2//Training//Outreach//BeCurious//a_data//21-30//2175-a_n.wav,w
463,m,D://OneDrive//Documents//CDT//Year2//Training//Outreach//BeCurious//a_data//21-30//1859-a_n.wav,m
464,w,D://OneDrive//Documents//CDT//Year2//Training//Outreach//BeCurious//a_data//21-30//1870-a_n.wav,w
465,m,D://OneDrive//Documents//CDT//Year2//Training//Outreach//BeCurious//a_data//21-30//1871-a_n.wav,m
466,m,D://OneDrive//Documents//CDT//Year2//Training//Outreach//BeCurious//a_data//21-30//1876-a_n.wav,m
467,w,D://OneDrive//Documents//CDT//Year2//Training//Outreach//BeCurious//a_data//21-30//1879-a_n.wav,w
468,m,D://OneDrive//Documents//CDT//Year2//Training//Outreach//BeCurious//a_data//21-30//1882-a_n.wav,w
469,w,D://OneDrive//Documents//CDT//Year2//Training//Outreach//BeCurious//a_data//21-30//1883-a_n.wav,w
470,w,D://OneDrive//Documents//CDT//Year2//Training//Outreach//BeCurious//a_data//21-30//1915-a_n.wav,w
471,w,D://OneDrive//Documents//CDT//Year2//Training//Outreach//BeCurious//a_data//21-30//1916-a_n.wav,w
472,m,D://OneDrive//Documents//CDT//Year2//Training//Outreach//BeCurious//a_data//21-30//1917-a_n.wav,m
473,m,D://OneDrive//Documents//CDT//Year2//Training//Outreach//BeCurious//a_data//21-30//1918-a_n.wav,m
474,m,D://OneDrive//Documents//CDT//Year2//Training//Outreach//BeCurious//a_data//21-30//1919-a_n.wav,m
475,m,D://OneDrive//Documents//CDT//Year2//Training//Outreach//BeCurious//a_data//21-30//1921-a_n.wav,m
476,m,D://OneDrive//Documents//CDT//Year2//Training//Outreach//BeCurious//a_data//21-30//1923-a_n.wav,m
477,w,D://OneDrive//Documents//CDT//Year2//Training//Outreach//BeCurious//a_data//21-30//1924-a_n.wav,w
478,w,D://OneDrive//Documents//CDT//Year2//Training//Outreach//BeCurious//a_data//21-30//1925-a_n.wav,w
479,w,D://OneDrive//Documents//CDT//Year2//Training//Outreach//BeCurious//a_data//21-30//1926-a_n.wav,w
480,w,D://OneDrive//Documents//CDT//Year2//Training//Outreach//BeCurious//a_data//21-30//2018-a_n.wav,w
481,w,D://OneDrive//Documents//CDT//Year2//Training//Outreach//BeCurious//a_data//21-30//2036-a_n.wav,w
482,w,D://OneDrive//Documents//CDT//Year2//Training//Outreach//BeCurious//a_data//21-30//2038-a_n.wav,w
483,w,D://OneDrive//Documents//CDT//Year2//Training//Outreach//BeCurious//a_data//21-30//2039-a_n.wav,w
484,w,D://OneDrive//Documents//CDT//Year2//Training//Outreach//BeCurious//a_data//21-30//2040-a_n.wav,w
485,w,D://OneDrive//Documents//CDT//Year2//Training//Outreach//BeCurious//a_data//21-30//2041-a_n.wav,w
486,w,D://OneDrive//Documents//CDT//Year2//Training//Outreach//BeCurious//a_data//21-30//2044-a_n.wav,w
487,m,D://OneDrive//Documents//CDT//Year2//Training//Outreach//BeCurious//a_data//21-30//2045-a_n.wav,m
488,w,D://OneDrive//Documents//CDT//Year2//Training//Outreach//BeCurious//a_data//21-30//2047-a_n.wav,w
489,m,D://OneDrive//Documents//CDT//Year2//Training//Outreach//BeCurious//a_data//21-30//2048-a_n.wav,m
490,w,D://OneDrive//Documents//CDT//Year2//Training//Outreach//BeCurious//a_data//21-30//2050-a_n.wav,w
491,w,D://OneDrive//Documents//CDT//Year2//Training//Outreach//BeCurious//a_data//21-30//2052-a_n.wav,w
492,w,D://OneDrive//Documents//CDT//Year2//Training//Outreach//BeCurious//a_data//21-30//2053-a_n.wav,w
493,w,D://OneDrive//Documents//CDT//Year2//Training//Outreach//BeCurious//a_data//21-30//2164-a_n.wav,w
494,w,D://OneDrive//Documents//CDT//Year2//Training//Outreach//BeCurious//a_data//21-30//2169-a_n.wav,w
495,w,D://OneDrive//Documents//CDT//Year2//Training//Outreach//BeCurious//a_data//21-30//2170-a_n.wav,w
496,w,D://OneDrive//Documents//CDT//Year2//Training//Outreach//BeCurious//a_data//21-30//2174-a_n.wav,w
497,m,D://OneDrive//Documents//CDT//Year2//Training//Outreach//BeCurious//a_data//21-30//2176-a_n.wav,m
498,m,D://OneDrive//Documents//CDT//Year2//Training//Outreach//BeCurious//a_data//21-30//2181-a_n.wav,m
499,w,D://OneDrive//Documents//CDT//Year2//Training//Outreach//BeCurious//a_data//21-30//2198-a_n.wav,w
500,m,D://OneDrive//Documents//CDT//Year2//Training//Outreach//BeCurious//a_data//21-30//2202-a_n.wav,m
501,w,D://OneDrive//Documents//CDT//Year2//Training//Outreach//BeCurious//a_data//21-30//2203-a_n.wav,w
502,w,D://OneDrive//Documents//CDT//Year2//Training//Outreach//BeCurious//a_data//21-30//2206-a_n.wav,w
503,w,D://OneDrive//Documents//CDT//Year2//Training//Outreach//BeCurious//a_data//21-30//2248-a_n.wav,w
504,m,D://OneDrive//Documents//CDT//Year2//Training//Outreach//BeCurious//a_data//21-30//2249-a_n.wav,m
505,w,D://OneDrive//Documents//CDT//Year2//Training//Outreach//BeCurious//a_data//21-30//2250-a_n.wav,w
506,w,D://OneDrive//Documents//CDT//Year2//Training//Outreach//BeCurious//a_data//21-30//2252-a_n.wav,w
507,w,D://OneDrive//Documents//CDT//Year2//Training//Outreach//BeCurious//a_data//21-30//2254-a_n.wav,w
508,w,D://OneDrive//Documents//CDT//Year2//Training//Outreach//BeCurious//a_data//21-30//2258-a_n.wav,w
509,m,D://OneDrive//Documents//CDT//Year2//Training//Outreach//BeCurious//a_data//21-30//2262-a_n.wav,m
510,w,D://OneDrive//Documents//CDT//Year2//Training//Outreach//BeCurious//a_data//21-30//2264-a_n.wav,w
511,w,D://OneDrive//Documents//CDT//Year2//Training//Outreach//BeCurious//a_data//21-30//2280-a_n.wav,w
512,w,D://OneDrive//Documents//CDT//Year2//Training//Outreach//BeCurious//a_data//21-30//2281-a_n.wav,w
513,w,D://OneDrive//Documents//CDT//Year2//Training//Outreach//BeCurious//a_data//21-30//2283-a_n.wav,m
514,w,D://OneDrive//Documents//CDT//Year2//Training//Outreach//BeCurious//a_data//21-30//1529-a_n.wav,w
515,w,D://OneDrive//Documents//CDT//Year2//Training//Outreach//BeCurious//a_data//21-30//1612-a_n.wav,w
516,m,D://OneDrive//Documents//CDT//Year2//Training//Outreach//BeCurious//a_data//21-30//1532-a_n.wav,m
517,m,D://OneDrive//Documents//CDT//Year2//Training//Outreach//BeCurious//a_data//21-30//1775-a_n.wav,m
518,m,D://OneDrive//Documents//CDT//Year2//Training//Outreach//BeCurious//a_data//21-30//1841-a_n.wav,m
519,w,D://OneDrive//Documents//CDT//Year2//Training//Outreach//BeCurious//a_data//21-30//2462-a_n.wav,m
520,w,D://OneDrive//Documents//CDT//Year2//Training//Outreach//BeCurious//a_data//31-40//31-a_n.wav,w
521,w,D://OneDrive//Documents//CDT//Year2//Training//Outreach//BeCurious//a_data//31-40//28-a_n.wav,m
522,m,D://OneDrive//Documents//CDT//Year2//Training//Outreach//BeCurious//a_data//31-40//43-a_n.wav,m
523,w,D://OneDrive//Documents//CDT//Year2//Training//Outreach//BeCurious//a_data//31-40//45-a_n.wav,w
524,w,D://OneDrive//Documents//CDT//Year2//Training//Outreach//BeCurious//a_data//31-40//47-a_n.wav,w
525,w,D://OneDrive//Documents//CDT//Year2//Training//Outreach//BeCurious//a_data//31-40//102-a_n.wav,w
526,w,D://OneDrive//Documents//CDT//Year2//Training//Outreach//BeCurious//a_data//31-40//112-a_n.wav,w
527,w,D://OneDrive//Documents//CDT//Year2//Training//Outreach//BeCurious//a_data//31-40//116-a_n.wav,w
528,w,D://OneDrive//Documents//CDT//Year2//Training//Outreach//BeCurious//a_data//31-40//137-a_n.wav,w
529,w,D://OneDrive//Documents//CDT//Year2//Training//Outreach//BeCurious//a_data//31-40//158-a_n.wav,w
530,w,D://OneDrive//Documents//CDT//Year2//Training//Outreach//BeCurious//a_data//31-40//705-a_n.wav,w
531,w,D://OneDrive//Documents//CDT//Year2//Training//Outreach//BeCurious//a_data//31-40//743-a_n.wav,w
532,m,D://OneDrive//Documents//CDT//Year2//Training//Outreach//BeCurious//a_data//31-40//955-a_n.wav,m
533,m,D://OneDrive//Documents//CDT//Year2//Training//Outreach//BeCurious//a_data//31-40//956-a_n.wav,m
534,m,D://OneDrive//Documents//CDT//Year2//Training//Outreach//BeCurious//a_data//31-40//957-a_n.wav,m
535,m,D://OneDrive//Documents//CDT//Year2//Training//Outreach//BeCurious//a_data//31-40//959-a_n.wav,m
536,m,D://OneDrive//Documents//CDT//Year2//Training//Outreach//BeCurious//a_data//31-40//942-a_n.wav,w
537,m,D://OneDrive//Documents//CDT//Year2//Training//Outreach//BeCurious//a_data//31-40//946-a_n.wav,m
538,m,D://OneDrive//Documents//CDT//Year2//Training//Outreach//BeCurious//a_data//31-40//951-a_n.wav,m
539,m,D://OneDrive//Documents//CDT//Year2//Training//Outreach//BeCurious//a_data//31-40//949-a_n.wav,m
540,m,D://OneDrive//Documents//CDT//Year2//Training//Outreach//BeCurious//a_data//31-40//952-a_n.wav,m
541,m,D://OneDrive//Documents//CDT//Year2//Training//Outreach//BeCurious//a_data//31-40//953-a_n.wav,m
542,m,D://OneDrive//Documents//CDT//Year2//Training//Outreach//BeCurious//a_data//31-40//950-a_n.wav,m
543,m,D://OneDrive//Documents//CDT//Year2//Training//Outreach//BeCurious//a_data//31-40//985-a_n.wav,w
544,m,D://OneDrive//Documents//CDT//Year2//Training//Outreach//BeCurious//a_data//31-40//961-a_n.wav,m
545,m,D://OneDrive//Documents//CDT//Year2//Training//Outreach//BeCurious//a_data//31-40//964-a_n.wav,m
546,m,D://OneDrive//Documents//CDT//Year2//Training//Outreach//BeCurious//a_data//31-40//965-a_n.wav,m
547,m,D://OneDrive//Documents//CDT//Year2//Training//Outreach//BeCurious//a_data//31-40//981-a_n.wav,m
548,m,D://OneDrive//Documents//CDT//Year2//Training//Outreach//BeCurious//a_data//31-40//986-a_n.wav,m
549,m,D://OneDrive//Documents//CDT//Year2//Training//Outreach//BeCurious//a_data//31-40//968-a_n.wav,m
550,m,D://OneDrive//Documents//CDT//Year2//Training//Outreach//BeCurious//a_data//31-40//982-a_n.wav,m
551,m,D://OneDrive//Documents//CDT//Year2//Training//Outreach//BeCurious//a_data//31-40//969-a_n.wav,m
552,m,D://OneDrive//Documents//CDT//Year2//Training//Outreach//BeCurious//a_data//31-40//971-a_n.wav,m
553,m,D://OneDrive//Documents//CDT//Year2//Training//Outreach//BeCurious//a_data//31-40//973-a_n.wav,m
554,m,D://OneDrive//Documents//CDT//Year2//Training//Outreach//BeCurious//a_data//31-40//975-a_n.wav,m
555,m,D://OneDrive//Documents//CDT//Year2//Training//Outreach//BeCurious//a_data//31-40//976-a_n.wav,m
556,m,D://OneDrive//Documents//CDT//Year2//Training//Outreach//BeCurious//a_data//31-40//978-a_n.wav,m
557,m,D://OneDrive//Documents//CDT//Year2//Training//Outreach//BeCurious//a_data//31-40//987-a_n.wav,m
558,m,D://OneDrive//Documents//CDT//Year2//Training//Outreach//BeCurious//a_data//31-40//988-a_n.wav,m
559,m,D://OneDrive//Documents//CDT//Year2//Training//Outreach//BeCurious//a_data//31-40//989-a_n.wav,m
560,m,D://OneDrive//Documents//CDT//Year2//Training//Outreach//BeCurious//a_data//31-40//991-a_n.wav,m
561,m,D://OneDrive//Documents//CDT//Year2//Training//Outreach//BeCurious//a_data//31-40//984-a_n.wav,m
562,m,D://OneDrive//Documents//CDT//Year2//Training//Outreach//BeCurious//a_data//31-40//992-a_n.wav,m
563,m,D://OneDrive//Documents//CDT//Year2//Training//Outreach//BeCurious//a_data//31-40//996-a_n.wav,m
564,m,D://OneDrive//Documents//CDT//Year2//Training//Outreach//BeCurious//a_data//31-40//997-a_n.wav,m
565,m,D://OneDrive//Documents//CDT//Year2//Training//Outreach//BeCurious//a_data//31-40//1000-a_n.wav,m
566,m,D://OneDrive//Documents//CDT//Year2//Training//Outreach//BeCurious//a_data//31-40//1018-a_n.wav,m
567,m,D://OneDrive//Documents//CDT//Year2//Training//Outreach//BeCurious//a_data//31-40//1003-a_n.wav,m
568,m,D://OneDrive//Documents//CDT//Year2//Training//Outreach//BeCurious//a_data//31-40//1004-a_n.wav,m
569,w,D://OneDrive//Documents//CDT//Year2//Training//Outreach//BeCurious//a_data//31-40//1006-a_n.wav,w
570,m,D://OneDrive//Documents//CDT//Year2//Training//Outreach//BeCurious//a_data//31-40//1009-a_n.wav,m
571,m,D://OneDrive//Documents//CDT//Year2//Training//Outreach//BeCurious//a_data//31-40//1010-a_n.wav,m
572,m,D://OneDrive//Documents//CDT//Year2//Training//Outreach//BeCurious//a_data//31-40//1014-a_n.wav,m
573,m,D://OneDrive//Documents//CDT//Year2//Training//Outreach//BeCurious//a_data//31-40//1015-a_n.wav,m
574,m,D://OneDrive//Documents//CDT//Year2//Training//Outreach//BeCurious//a_data//31-40//999-a_n.wav,m
575,m,D://OneDrive//Documents//CDT//Year2//Training//Outreach//BeCurious//a_data//31-40//1016-a_n.wav,m
576,m,D://OneDrive//Documents//CDT//Year2//Training//Outreach//BeCurious//a_data//31-40//1017-a_n.wav,m
577,w,D://OneDrive//Documents//CDT//Year2//Training//Outreach//BeCurious//a_data//31-40//1024-a_n.wav,w
578,m,D://OneDrive//Documents//CDT//Year2//Training//Outreach//BeCurious//a_data//31-40//1036-a_n.wav,m
579,m,D://OneDrive//Documents//CDT//Year2//Training//Outreach//BeCurious//a_data//31-40//1032-a_n.wav,m
580,m,D://OneDrive//Documents//CDT//Year2//Training//Outreach//BeCurious//a_data//31-40//1062-a_n.wav,m
581,m,D://OneDrive//Documents//CDT//Year2//Training//Outreach//BeCurious//a_data//31-40//1063-a_n.wav,m
582,w,D://OneDrive//Documents//CDT//Year2//Training//Outreach//BeCurious//a_data//31-40//1067-a_n.wav,w
583,m,D://OneDrive//Documents//CDT//Year2//Training//Outreach//BeCurious//a_data//31-40//1078-a_n.wav,m
584,m,D://OneDrive//Documents//CDT//Year2//Training//Outreach//BeCurious//a_data//31-40//1070-a_n.wav,m
585,m,D://OneDrive//Documents//CDT//Year2//Training//Outreach//BeCurious//a_data//31-40//1079-a_n.wav,m
586,m,D://OneDrive//Documents//CDT//Year2//Training//Outreach//BeCurious//a_data//31-40//1072-a_n.wav,m
587,m,D://OneDrive//Documents//CDT//Year2//Training//Outreach//BeCurious//a_data//31-40//1080-a_n.wav,m
588,m,D://OneDrive//Documents//CDT//Year2//Training//Outreach//BeCurious//a_data//31-40//1073-a_n.wav,m
589,m,D://OneDrive//Documents//CDT//Year2//Training//Outreach//BeCurious//a_data//31-40//1074-a_n.wav,m
590,m,D://OneDrive//Documents//CDT//Year2//Training//Outreach//BeCurious//a_data//31-40//1076-a_n.wav,m
591,m,D://OneDrive//Documents//CDT//Year2//Training//Outreach//BeCurious//a_data//31-40//1081-a_n.wav,m
592,m,D://OneDrive//Documents//CDT//Year2//Training//Outreach//BeCurious//a_data//31-40//1077-a_n.wav,m
593,m,D://OneDrive//Documents//CDT//Year2//Training//Outreach//BeCurious//a_data//31-40//1082-a_n.wav,m
594,m,D://OneDrive//Documents//CDT//Year2//Training//Outreach//BeCurious//a_data//31-40//1091-a_n.wav,w
595,m,D://OneDrive//Documents//CDT//Year2//Training//Outreach//BeCurious//a_data//31-40//1092-a_n.wav,m
596,w,D://OneDrive//Documents//CDT//Year2//Training//Outreach//BeCurious//a_data//31-40//1105-a_n.wav,w
597,m,D://OneDrive//Documents//CDT//Year2//Training//Outreach//BeCurious//a_data//31-40//1181-a_n.wav,m
598,w,D://OneDrive//Documents//CDT//Year2//Training//Outreach//BeCurious//a_data//31-40//1214-a_n.wav,w
599,w,D://OneDrive//Documents//CDT//Year2//Training//Outreach//BeCurious//a_data//31-40//1278-a_n.wav,w
600,w,D://OneDrive//Documents//CDT//Year2//Training//Outreach//BeCurious//a_data//31-40//1352-a_n.wav,w
601,w,D://OneDrive//Documents//CDT//Year2//Training//Outreach//BeCurious//a_data//31-40//1511-a_n.wav,w
602,w,D://OneDrive//Documents//CDT//Year2//Training//Outreach//BeCurious//a_data//31-40//1703-a_n.wav,w
603,m,D://OneDrive//Documents//CDT//Year2//Training//Outreach//BeCurious//a_data//31-40//1736-a_n.wav,m
604,w,D://OneDrive//Documents//CDT//Year2//Training//Outreach//BeCurious//a_data//31-40//1837-a_n.wav,w
605,w,D://OneDrive//Documents//CDT//Year2//Training//Outreach//BeCurious//a_data//31-40//2163-a_n.wav,w
606,w,D://OneDrive//Documents//CDT//Year2//Training//Outreach//BeCurious//a_data//31-40//2209-a_n.wav,w
607,w,D://OneDrive//Documents//CDT//Year2//Training//Outreach//BeCurious//a_data//31-40//2285-a_n.wav,w
608,m,D://OneDrive//Documents//CDT//Year2//Training//Outreach//BeCurious//a_data//31-40//2576-a_n.wav,m
609,m,D://OneDrive//Documents//CDT//Year2//Training//Outreach//BeCurious//a_data//41-50//32-a_n.wav,m
610,m,D://OneDrive//Documents//CDT//Year2//Training//Outreach//BeCurious//a_data//41-50//63-a_n.wav,m
611,m,D://OneDrive//Documents//CDT//Year2//Training//Outreach//BeCurious//a_data//41-50//69-a_n.wav,m
612,m,D://OneDrive//Documents//CDT//Year2//Training//Outreach//BeCurious//a_data//over50//69-a_n.wav,m
613,m,D://OneDrive//Documents//CDT//Year2//Training//Outreach//BeCurious//a_data//41-50//69-a_n.wav,m
614,m,D://OneDrive//Documents//CDT//Year2//Training//Outreach//BeCurious//a_data//over50//69-a_n.wav,m
615,w,D://OneDrive//Documents//CDT//Year2//Training//Outreach//BeCurious//a_data//41-50//80-a_n.wav,w
616,m,D://OneDrive//Documents//CDT//Year2//Training//Outreach//BeCurious//a_data//41-50//81-a_n.wav,m
617,w,D://OneDrive//Documents//CDT//Year2//Training//Outreach//BeCurious//a_data//41-50//82-a_n.wav,m
618,w,D://OneDrive//Documents//CDT//Year2//Training//Outreach//BeCurious//a_data//41-50//83-a_n.wav,w
619,w,D://OneDrive//Documents//CDT//Year2//Training//Outreach//BeCurious//a_data//41-50//88-a_n.wav,w
620,w,D://OneDrive//Documents//CDT//Year2//Training//Outreach//BeCurious//a_data//41-50//93-a_n.wav,w
621,w,D://OneDrive//Documents//CDT//Year2//Training//Outreach//BeCurious//a_data//41-50//104-a_n.wav,m
622,m,D://OneDrive//Documents//CDT//Year2//Training//Outreach//BeCurious//a_data//41-50//958-a_n.wav,m
623,m,D://OneDrive//Documents//CDT//Year2//Training//Outreach//BeCurious//a_data//41-50//960-a_n.wav,m
624,m,D://OneDrive//Documents//CDT//Year2//Training//Outreach//BeCurious//a_data//41-50//941-a_n.wav,m
625,m,D://OneDrive//Documents//CDT//Year2//Training//Outreach//BeCurious//a_data//over50//941-a_n.wav,m
626,m,D://OneDrive//Documents//CDT//Year2//Training//Outreach//BeCurious//a_data//41-50//941-a_n.wav,m
627,m,D://OneDrive//Documents//CDT//Year2//Training//Outreach//BeCurious//a_data//over50//941-a_n.wav,m
628,m,D://OneDrive//Documents//CDT//Year2//Training//Outreach//BeCurious//a_data//41-50//943-a_n.wav,m
629,m,D://OneDrive//Documents//CDT//Year2//Training//Outreach//BeCurious//a_data//41-50//945-a_n.wav,m
630,m,D://OneDrive//Documents//CDT//Year2//Training//Outreach//BeCurious//a_data//41-50//947-a_n.wav,m
631,m,D://OneDrive//Documents//CDT//Year2//Training//Outreach//BeCurious//a_data//41-50//954-a_n.wav,m
632,m,D://OneDrive//Documents//CDT//Year2//Training//Outreach//BeCurious//a_data//41-50//980-a_n.wav,m
633,m,D://OneDrive//Documents//CDT//Year2//Training//Outreach//BeCurious//a_data//41-50//963-a_n.wav,m
634,m,D://OneDrive//Documents//CDT//Year2//Training//Outreach//BeCurious//a_data//41-50//970-a_n.wav,m
635,m,D://OneDrive//Documents//CDT//Year2//Training//Outreach//BeCurious//a_data//41-50//974-a_n.wav,m
636,m,D://OneDrive//Documents//CDT//Year2//Training//Outreach//BeCurious//a_data//41-50//983-a_n.wav,m
637,m,D://OneDrive//Documents//CDT//Year2//Training//Outreach//BeCurious//a_data//41-50//1005-a_n.wav,m
638,m,D://OneDrive//Documents//CDT//Year2//Training//Outreach//BeCurious//a_data//41-50//1007-a_n.wav,m
639,m,D://OneDrive//Documents//CDT//Year2//Training//Outreach//BeCurious//a_data//41-50//1021-a_n.wav,m
640,m,D://OneDrive//Documents//CDT//Year2//Training//Outreach//BeCurious//a_data//41-50//1008-a_n.wav,m
641,m,D://OneDrive//Documents//CDT//Year2//Training//Outreach//BeCurious//a_data//over50//1008-a_n.wav,m
642,m,D://OneDrive//Documents//CDT//Year2//Training//Outreach//BeCurious//a_data//41-50//1008-a_n.wav,m
643,m,D://OneDrive//Documents//CDT//Year2//Training//Outreach//BeCurious//a_data//over50//1008-a_n.wav,m
644,m,D://OneDrive//Documents//CDT//Year2//Training//Outreach//BeCurious//a_data//41-50//1019-a_n.wav,m
645,m,D://OneDrive//Documents//CDT//Year2//Training//Outreach//BeCurious//a_data//41-50//1013-a_n.wav,m
646,w,D://OneDrive//Documents//CDT//Year2//Training//Outreach//BeCurious//a_data//41-50//1022-a_n.wav,w
647,m,D://OneDrive//Documents//CDT//Year2//Training//Outreach//BeCurious//a_data//41-50//1023-a_n.wav,m
648,m,D://OneDrive//Documents//CDT//Year2//Training//Outreach//BeCurious//a_data//41-50//1025-a_n.wav,m
649,m,D://OneDrive//Documents//CDT//Year2//Training//Outreach//BeCurious//a_data//41-50//1026-a_n.wav,m
650,m,D://OneDrive//Documents//CDT//Year2//Training//Outreach//BeCurious//a_data//41-50//1027-a_n.wav,m
651,m,D://OneDrive//Documents//CDT//Year2//Training//Outreach//BeCurious//a_data//41-50//1028-a_n.wav,m
652,w,D://OneDrive//Documents//CDT//Year2//Training//Outreach//BeCurious//a_data//41-50//1029-a_n.wav,w
653,m,D://OneDrive//Documents//CDT//Year2//Training//Outreach//BeCurious//a_data//41-50//1030-a_n.wav,m
654,m,D://OneDrive//Documents//CDT//Year2//Training//Outreach//BeCurious//a_data//41-50//1031-a_n.wav,m
655,m,D://OneDrive//Documents//CDT//Year2//Training//Outreach//BeCurious//a_data//41-50//1033-a_n.wav,m
656,m,D://OneDrive//Documents//CDT//Year2//Training//Outreach//BeCurious//a_data//41-50//1460-a_n.wav,m
657,w,D://OneDrive//Documents//CDT//Year2//Training//Outreach//BeCurious//a_data//41-50//1523-a_n.wav,w
658,w,D://OneDrive//Documents//CDT//Year2//Training//Outreach//BeCurious//a_data//41-50//1710-a_n.wav,w
659,w,D://OneDrive//Documents//CDT//Year2//Training//Outreach//BeCurious//a_data//over50//1710-a_n.wav,w
660,w,D://OneDrive//Documents//CDT//Year2//Training//Outreach//BeCurious//a_data//41-50//1710-a_n.wav,w
661,w,D://OneDrive//Documents//CDT//Year2//Training//Outreach//BeCurious//a_data//over50//1710-a_n.wav,w
662,w,D://OneDrive//Documents//CDT//Year2//Training//Outreach//BeCurious//a_data//41-50//1860-a_n.wav,w
663,w,D://OneDrive//Documents//CDT//Year2//Training//Outreach//BeCurious//a_data//41-50//1865-a_n.wav,w
664,w,D://OneDrive//Documents//CDT//Year2//Training//Outreach//BeCurious//a_data//41-50//1922-a_n.wav,w
665,w,D://OneDrive//Documents//CDT//Year2//Training//Outreach//BeCurious//a_data//41-50//2278-a_n.wav,m
666,m,D://OneDrive//Documents//CDT//Year2//Training//Outreach//BeCurious//a_data//41-50//1336-a_n.wav,m
667,m,D://OneDrive//Documents//CDT//Year2//Training//Outreach//BeCurious//a_data//41-50//2142-a_n.wav,m
668,w,D://OneDrive//Documents//CDT//Year2//Training//Outreach//BeCurious//a_data//41-50//2561-a_n.wav,w
669,w,D://OneDrive//Documents//CDT//Year2//Training//Outreach//BeCurious//a_data//over50//2561-a_n.wav,w
670,w,D://OneDrive//Documents//CDT//Year2//Training//Outreach//BeCurious//a_data//41-50//2561-a_n.wav,w
671,w,D://OneDrive//Documents//CDT//Year2//Training//Outreach//BeCurious//a_data//over50//2561-a_n.wav,w
672,m,D://OneDrive//Documents//CDT//Year2//Training//Outreach//BeCurious//a_data//over50//29-a_n.wav,m
673,w,D://OneDrive//Documents//CDT//Year2//Training//Outreach//BeCurious//a_data//over50//30-a_n.wav,w
674,w,D://OneDrive//Documents//CDT//Year2//Training//Outreach//BeCurious//a_data//over50//64-a_n.wav,w
675,w,D://OneDrive//Documents//CDT//Year2//Training//Outreach//BeCurious//a_data//over50//65-a_n.wav,w
676,m,D://OneDrive//Documents//CDT//Year2//Training//Outreach//BeCurious//a_data//over50//66-a_n.wav,m
677,m,D://OneDrive//Documents//CDT//Year2//Training//Outreach//BeCurious//a_data//over50//67-a_n.wav,m
678,m,D://OneDrive//Documents//CDT//Year2//Training//Outreach//BeCurious//a_data//over50//68-a_n.wav,w
679,w,D://OneDrive//Documents//CDT//Year2//Training//Outreach//BeCurious//a_data//over50//70-a_n.wav,w
680,w,D://OneDrive//Documents//CDT//Year2//Training//Outreach//BeCurious//a_data//over50//71-a_n.wav,w
681,w,D://OneDrive//Documents//CDT//Year2//Training//Outreach//BeCurious//a_data//over50//72-a_n.wav,w
682,m,D://OneDrive//Documents//CDT//Year2//Training//Outreach//BeCurious//a_data//over50//74-a_n.wav,m
683,w,D://OneDrive//Documents//CDT//Year2//Training//Outreach//BeCurious//a_data//over50//78-a_n.wav,w
684,w,D://OneDrive//Documents//CDT//Year2//Training//Outreach//BeCurious//a_data//over50//79-a_n.wav,w
685,w,D://OneDrive//Documents//CDT//Year2//Training//Outreach//BeCurious//a_data//over50//77-a_n.wav,m
686,m,D://OneDrive//Documents//CDT//Year2//Training//Outreach//BeCurious//a_data//over50//84-a_n.wav,m
687,m,D://OneDrive//Documents//CDT//Year2//Training//Outreach//BeCurious//a_data//over50//85-a_n.wav,m
688,w,D://OneDrive//Documents//CDT//Year2//Training//Outreach//BeCurious//a_data//over50//86-a_n.wav,w
689,m,D://OneDrive//Documents//CDT//Year2//Training//Outreach//BeCurious//a_data//over50//87-a_n.wav,w
690,w,D://OneDrive//Documents//CDT//Year2//Training//Outreach//BeCurious//a_data//over50//89-a_n.wav,w
691,w,D://OneDrive//Documents//CDT//Year2//Training//Outreach//BeCurious//a_data//over50//90-a_n.wav,w
692,w,D://OneDrive//Documents//CDT//Year2//Training//Outreach//BeCurious//a_data//over50//91-a_n.wav,w
693,m,D://OneDrive//Documents//CDT//Year2//Training//Outreach//BeCurious//a_data//over50//92-a_n.wav,m
694,w,D://OneDrive//Documents//CDT//Year2//Training//Outreach//BeCurious//a_data//over50//94-a_n.wav,w
695,w,D://OneDrive//Documents//CDT//Year2//Training//Outreach//BeCurious//a_data//over50//95-a_n.wav,w
696,m,D://OneDrive//Documents//CDT//Year2//Training//Outreach//BeCurious//a_data//over50//96-a_n.wav,m
697,w,D://OneDrive//Documents//CDT//Year2//Training//Outreach//BeCurious//a_data//over50//99-a_n.wav,m
698,m,D://OneDrive//Documents//CDT//Year2//Training//Outreach//BeCurious//a_data//over50//100-a_n.wav,m
699,m,D://OneDrive//Documents//CDT//Year2//Training//Outreach//BeCurious//a_data//over50//156-a_n.wav,m
700,w,D://OneDrive//Documents//CDT//Year2//Training//Outreach//BeCurious//a_data//over50//157-a_n.wav,w
701,w,D://OneDrive//Documents//CDT//Year2//Training//Outreach//BeCurious//a_data//over50//831-a_n.wav,w
702,w,D://OneDrive//Documents//CDT//Year2//Training//Outreach//BeCurious//a_data//over50//852-a_n.wav,m
703,w,D://OneDrive//Documents//CDT//Year2//Training//Outreach//BeCurious//a_data//over50//153-a_n.wav,w
704,w,D://OneDrive//Documents//CDT//Year2//Training//Outreach//BeCurious//a_data//over50//1969-a_n.wav,w
705,m,D://OneDrive//Documents//CDT//Year2//Training//Outreach//BeCurious//a_data//over50//1577-a_n.wav,m
706,w,D://OneDrive//Documents//CDT//Year2//Training//Outreach//BeCurious//a_data//over50//1598-a_n.wav,w
707,w,D://OneDrive//Documents//CDT//Year2//Training//Outreach//BeCurious//a_data//over50//1815-a_n.wav,w
708,m,D://OneDrive//Documents//CDT//Year2//Training//Outreach//BeCurious//a_data//over50//1956-a_n.wav,w
709,m,D://OneDrive//Documents//CDT//Year2//Training//Outreach//BeCurious//a_data//over50//1974-a_n.wav,m
710,w,D://OneDrive//Documents//CDT//Year2//Training//Outreach//BeCurious//a_data//over50//2108-a_n.wav,m
711,m,D://OneDrive//Documents//CDT//Year2//Training//Outreach//BeCurious//a_data//over50//2244-a_n.wav,m
712,w,D://OneDrive//Documents//CDT//Year2//Training//Outreach//BeCurious//a_data//over50//2407-a_n.wav,w
713,m,D://OneDrive//Documents//CDT//Year2//Training//Outreach//BeCurious//a_data//over50//2478-a_n.wav,w
